country,fruit_dietary_intake,vegetables_dietary_intake,legumes_dietary_intake,nuts_dietary_intake,whole_grains_dietary_intake,fish_dietary_intake,dairy_dietary_intake,red_meat_dietary_intake,salt_legislation_policy,sugar_tax_policy,sodium_policy,gdp_per_capita_mean_2011_2021,obesity_mean_2011_2016,overweight_mean_2011_2016,underweight_mean_2011_2016,blood_pressure_mean_2011_2015,Risk_factor_obese_2018
Afghanistan,65.7,98.1,103.8,31.2,41.5,3.2,91.1,10.7,Yes,No,No,2459.23,4.79,21.33,17.3,30.45,1357.0
Angola,119.7,308.8,37.8,11.6,57.6,38.0,65.8,16.8,Yes,No,No,7647.41,7.17,25.51,14.16,29.88,1064.67
Albania,138.9,129.1,40.2,12.3,31.2,18.3,404.9,61.6,Yes,No,No,12657.3,20.21,55.94,1.44,29.45,749.0
Andorra,,,,,,,,,No,No,No,55834.76,25.06,63.1,1.07,19.61,
United Arab Emirates,107.6,123.3,40.6,31.7,37.2,40.5,428.4,29.6,Yes,Yes,Yes,66279.79,32.76,67.35,2.11,21.12,1085.83
Argentina,94.0,123.8,3.6,1.6,10.8,11.6,519.1,86.7,Yes,Yes,Yes,22992.22,26.9,61.5,0.97,23.3,10786.67
Armenia,91.2,95.9,14.7,18.9,23.3,47.9,403.7,62.4,Yes,No,No,11557.68,18.9,53.0,2.84,25.56,1030.83
Antigua and Barbuda,95.5,232.1,43.5,2.5,14.3,46.5,223.8,36.3,No,No,No,19179.26,17.59,46.39,4.96,23.15,18.33
Australia,131.9,116.8,23.2,7.4,64.9,28.6,666.3,61.6,Yes,No,Yes,49038.71,27.56,63.35,1.24,16.06,4862.67
Austria,105.7,118.4,6.4,5.4,29.2,21.1,558.7,106.2,Yes,No,Yes,53927.94,19.03,53.29,1.94,21.89,1972.83
Azerbaijan,104.8,77.7,14.6,32.7,46.9,22.3,454.1,99.3,Yes,No,Yes,14345.73,18.3,51.8,2.48,24.59,3094.83
Burundi,73.8,186.8,40.5,6.5,33.1,32.8,29.8,11.8,Yes,Yes,No,798.25,4.73,20.7,13.28,28.72,265.83
Belgium,103.9,113.2,4.5,3.4,66.1,19.7,767.5,57.4,No,Yes,Yes,49848.48,21.19,58.77,1.14,18.08,2540.0
Benin,74.8,99.1,24.7,13.0,33.6,22.2,54.3,16.5,Yes,Yes,No,3039.7,8.57,27.73,10.1,28.1,503.33
Burkina Faso,34.8,27.0,9.1,21.8,59.4,28.8,36.8,2.7,Yes,No,No,2004.17,4.65,21.06,12.31,32.39,549.67
Bangladesh,54.7,225.0,28.9,0.7,35.3,41.6,45.3,8.1,Yes,Yes,No,4236.27,3.12,18.54,22.57,24.99,3928.33
Bulgaria,95.9,399.2,18.1,11.5,25.8,22.7,1337.9,73.3,Yes,No,Yes,20669.9,23.8,60.49,1.28,28.84,4784.67
Bahrain,119.8,185.2,38.7,21.5,16.0,35.6,411.9,42.3,Yes,Yes,Yes,48405.7,29.94,64.95,3.31,21.63,228.83
Bahamas,83.7,105.6,17.9,9.9,36.7,21.2,304.6,53.5,No,No,No,36124.69,29.94,62.86,2.62,21.71,100.83
Bosnia and Herzegovina,499.9,443.6,14.0,8.8,45.7,10.4,710.5,150.5,Yes,No,Yes,13198.69,16.81,52.04,1.65,30.73,1260.33
Belarus,246.3,87.0,75.8,10.9,35.7,21.5,463.9,61.9,Yes,No,Yes,18766.01,23.25,58.38,1.61,28.18,5777.33
Belize,85.6,148.3,27.6,2.2,27.6,26.3,246.9,98.7,Yes,Yes,No,6895.51,22.64,53.16,3.52,22.9,57.33
Bolivia (Plurinational State of),86.6,112.1,11.3,11.6,29.4,13.9,212.6,99.5,Yes,Yes,Yes,7941.24,18.83,54.45,1.6,18.29,1633.5
Brazil,85.0,93.4,82.1,0.2,6.1,28.9,283.2,75.2,Yes,Yes,Yes,15036.48,20.7,54.92,2.94,24.08,35094.17
Barbados,129.5,143.2,6.9,8.7,89.9,45.8,173.5,64.8,No,Yes,No,15013.58,21.59,50.67,3.64,24.4,107.67
Brunei Darussalam,82.9,163.0,34.3,4.2,0.1,75.4,79.8,90.8,No,Yes,No,62848.43,12.84,39.14,6.69,19.33,45.0
Bhutan,97.8,297.6,70.7,6.6,45.4,24.5,126.5,17.9,No,No,No,10188.37,5.83,25.52,11.71,28.08,32.5
Botswana,50.9,112.0,19.0,39.7,71.2,24.2,125.2,25.0,No,No,No,15368.49,17.76,41.7,9.66,29.74,383.5
Central African Republic,99.0,104.7,37.7,7.9,48.3,38.5,36.3,80.0,Yes,No,No,960.74,6.6,24.44,15.4,31.15,299.0
Canada,136.1,131.6,18.9,17.3,59.4,17.3,532.6,46.4,Yes,No,Yes,47763.47,27.96,62.93,1.33,13.9,9493.0
Switzerland,138.0,115.2,2.7,6.9,44.6,40.3,490.6,49.3,No,No,Yes,69357.23,18.55,53.35,2.19,18.54,1373.17
Chile,108.5,140.2,12.9,17.9,40.2,16.6,388.2,18.6,Yes,Yes,Yes,23290.36,26.7,61.77,0.8,21.62,3322.0
China,89.4,306.1,15.2,9.4,6.8,37.9,62.9,105.0,Yes,No,Yes,13395.27,5.42,30.36,5.71,19.52,97057.33
CÃ´te dâ€™Ivoire,60.7,92.8,4.6,9.6,36.6,53.1,54.1,13.6,Yes,Yes,No,4435.71,9.5,30.33,8.34,27.75,1096.5
Cameroon,83.3,125.0,30.1,14.9,68.4,41.1,62.9,13.0,Yes,No,No,3431.3,10.28,31.81,7.21,25.36,1534.33
Democratic Republic of the Congo,94.5,212.6,30.8,26.0,12.2,43.7,52.0,12.1,Yes,No,No,1033.74,5.9,23.53,16.56,28.54,2693.33
Congo,89.7,141.6,22.6,9.9,71.6,71.4,95.3,22.4,Yes,No,No,5347.27,8.68,29.3,13.64,26.59,345.67
Colombia,100.5,96.5,25.8,45.1,29.2,40.4,169.3,93.5,Yes,No,Yes,14244.26,20.91,57.48,2.4,19.69,6145.0
Comoros,85.3,97.0,9.6,7.9,36.2,56.1,87.2,24.6,No,No,No,2939.72,7.01,25.67,10.66,27.59,39.33
Cabo Verde,237.2,194.8,31.0,15.0,63.5,26.4,98.3,21.5,Yes,No,No,6387.39,10.6,32.77,8.31,29.98,58.0
Costa Rica,130.8,166.4,28.2,8.6,36.9,73.5,309.4,73.1,Yes,Yes,Yes,18825.13,23.94,59.61,1.96,19.22,677.0
Cuba,130.5,115.2,26.3,0.3,35.2,10.0,289.1,132.7,No,No,No,,23.38,57.04,4.72,19.48,3080.5
Cyprus,59.4,118.5,30.9,4.5,112.8,22.6,514.5,67.5,No,No,No,37016.34,20.88,58.01,1.24,20.4,241.17
Czechia,74.1,105.6,12.5,3.0,35.4,23.3,465.4,65.4,No,No,Yes,37179.01,25.01,61.36,1.04,28.32,4665.83
Germany,140.8,193.2,5.3,3.2,75.5,17.8,481.5,50.3,No,No,Yes,51957.24,21.24,55.78,1.21,20.95,28931.0
Djibouti,146.2,106.4,198.9,0.1,79.7,35.1,80.3,16.1,No,No,No,4754.27,12.7,37.34,8.39,27.4,79.33
Dominica,106.2,103.1,30.5,4.4,30.3,17.4,273.4,27.0,No,Yes,No,12301.5,26.29,58.56,3.18,23.08,25.83
Denmark,90.2,121.0,23.2,8.2,44.7,36.3,563.9,55.7,Yes,No,Yes,54412.58,18.68,54.52,2.01,21.78,1143.33
Dominican Republic,142.8,103.5,45.6,1.4,16.5,15.9,194.8,51.8,Yes,No,No,16355.22,25.62,58.9,3.46,22.14,2724.33
Algeria,79.5,195.1,19.0,5.6,26.7,24.0,465.2,36.6,Yes,No,No,11307.17,25.69,60.12,3.89,25.74,7062.5
Ecuador,26.0,108.6,15.3,2.7,30.7,19.2,152.7,55.2,Yes,Yes,Yes,11377.44,18.66,54.49,1.29,18.17,1914.83
Egypt,88.4,147.7,8.9,2.0,22.1,14.3,134.7,29.9,Yes,No,Yes,11289.99,30.18,61.73,1.57,25.2,26922.17
Eritrea,57.3,69.3,28.3,10.1,36.8,52.7,76.9,21.5,No,No,No,1734.32,4.25,20.24,17.96,28.66,165.33
Spain,64.3,103.4,21.0,8.4,22.0,66.0,732.7,56.9,No,Yes,Yes,37820.66,22.79,60.59,1.0,20.11,12797.33
Estonia,105.2,293.3,6.0,8.1,107.4,30.2,1557.0,79.2,No,No,Yes,32701.75,20.31,54.88,1.6,28.13,528.83
Ethiopia,38.6,88.8,34.5,1.7,177.1,4.9,81.3,10.6,Yes,Yes,No,2155.71,3.88,19.48,16.34,29.88,1589.17
Finland,150.2,125.0,6.1,3.0,57.2,38.5,750.7,65.3,No,Yes,Yes,46830.52,21.19,56.97,1.02,20.25,1765.0
Fiji,109.3,210.4,29.0,4.4,49.4,37.3,79.6,21.0,Yes,Yes,Yes,12160.48,28.64,62.26,2.02,21.78,557.5
France,150.8,155.4,13.4,2.4,33.4,30.2,671.1,46.1,No,Yes,Yes,45508.06,20.6,58.48,1.85,23.17,11440.17
Micronesia (Federated States of),145.4,138.3,27.9,2.9,34.3,59.3,54.1,27.9,,No,No,3224.99,43.97,74.61,0.99,24.55,69.5
Gabon,69.9,122.2,2.6,20.2,50.2,31.8,82.6,32.4,Yes,No,No,15351.56,14.03,38.67,9.27,26.04,174.83
United Kingdom of Great Britain and Northern Ireland,91.3,117.4,40.3,5.4,46.2,28.7,671.7,42.7,No,Yes,Yes,44411.38,26.26,62.48,1.25,16.2,16934.5
Georgia,71.8,87.7,34.5,6.3,43.5,56.9,863.8,15.3,Yes,No,Yes,13036.32,19.93,52.36,2.72,26.26,1833.67
Ghana,87.9,137.4,19.5,29.3,11.0,90.4,39.3,14.6,Yes,No,No,5038.96,9.68,30.01,9.19,24.3,2338.33
Guinea,22.0,20.2,3.2,10.6,40.1,16.5,43.2,13.8,Yes,No,No,2142.67,6.82,25.03,11.32,30.2,537.83
Gambia,30.7,48.1,7.0,12.0,62.3,38.5,26.9,6.6,Yes,Yes,No,2118.21,9.26,30.03,10.44,29.66,108.33
Guinea-Bissau,67.6,138.1,90.9,12.6,18.3,17.4,76.6,19.6,Yes,No,No,2185.82,8.38,28.03,10.14,30.54,113.83
Equatorial Guinea,91.0,147.3,36.8,11.4,39.2,54.2,70.7,21.9,No,No,No,25939.81,7.46,25.76,13.77,28.48,43.67
Greece,77.0,91.3,13.9,7.4,34.3,30.6,530.1,78.5,No,No,Yes,28553.07,23.75,61.17,0.85,19.76,3924.5
Grenada,121.5,252.3,28.5,0.0,23.1,24.8,170.3,27.0,No,No,No,14961.62,19.8,49.55,4.2,24.22,29.17
Guatemala,75.6,92.4,46.1,2.6,23.0,6.0,185.7,57.3,Yes,Yes,Yes,7768.62,19.35,53.93,1.93,21.39,2060.5
Guyana,202.8,145.1,21.4,8.3,4.8,43.4,233.2,47.9,No,No,No,13156.91,18.4,47.21,5.22,22.86,241.5
Honduras,88.8,29.5,41.1,4.6,25.0,12.2,171.9,30.2,Yes,Yes,No,5303.51,19.74,53.8,2.68,21.63,1152.5
Croatia,59.5,480.8,8.2,8.9,58.1,39.0,660.0,251.5,Yes,No,Yes,25822.16,23.08,58.29,1.26,32.4,1875.0
Haiti,70.0,80.1,26.8,5.2,25.7,20.2,89.8,17.8,Yes,No,No,2980.85,20.37,52.07,4.62,24.91,2312.0
Hungary,60.0,62.1,16.2,1.6,44.7,11.9,426.0,22.3,Yes,Yes,Yes,28920.17,25.17,60.42,1.72,30.82,5254.17
Indonesia,67.0,160.5,27.5,5.1,29.6,56.7,53.6,23.9,Yes,No,No,10582.93,5.97,26.09,13.75,24.01,16959.83
India,35.8,167.8,24.9,3.2,121.8,9.6,107.8,3.5,Yes,Yes,Yes,5682.67,3.43,18.32,24.57,25.61,41893.33
Ireland,78.4,116.6,22.3,12.9,18.9,13.2,1004.9,40.8,No,Yes,Yes,73004.94,23.71,59.23,0.99,20.74,942.17
Iran (Islamic Republic of),168.6,227.3,15.4,7.0,51.6,8.7,259.7,16.2,Yes,Yes,Yes,13108.11,24.23,59.81,3.92,20.51,11657.5
Iraq,102.9,116.0,36.2,12.7,9.4,26.4,396.7,67.2,No,No,Yes,10388.29,28.73,63.08,2.41,25.59,8332.17
Iceland,76.1,69.3,5.4,1.4,74.6,46.7,770.8,58.3,No,No,Yes,53502.34,20.86,58.16,1.17,20.46,54.5
Israel,133.9,83.3,70.6,27.8,52.9,127.5,1094.2,132.1,No,No,Yes,38209.61,25.25,63.54,1.0,17.58,1432.0
Italy,199.4,149.4,13.8,3.3,9.2,61.4,322.6,53.4,Yes,No,Yes,41362.7,19.06,57.43,1.17,22.27,16569.83
Jamaica,176.7,148.9,11.4,3.1,22.0,46.6,251.1,12.2,No,No,Yes,10087.28,22.87,53.46,4.36,22.15,761.17
Jordan,171.1,117.1,25.9,10.5,23.9,54.0,327.1,55.5,Yes,No,Yes,10300.67,34.13,68.29,1.31,21.68,1372.33
Japan,108.9,282.7,58.9,2.4,6.1,50.2,187.9,90.2,No,No,Yes,40271.79,3.85,26.19,6.88,18.14,3319.0
Kazakhstan,59.1,157.0,6.7,75.0,37.1,33.0,628.6,103.2,Yes,No,Yes,24303.8,19.46,51.96,2.99,27.17,4373.17
Kenya,105.0,246.9,28.0,0.6,12.7,10.8,112.5,14.7,Yes,Yes,No,4564.6,6.23,23.76,12.39,26.45,1549.0
Kyrgyzstan,74.9,38.1,6.2,37.5,46.6,1.8,173.7,42.5,Yes,No,No,4817.17,15.01,46.37,3.35,26.52,1068.0
Cambodia,49.0,117.9,3.8,1.5,16.4,71.0,25.1,24.8,Yes,No,No,3844.53,3.26,19.91,14.3,25.69,530.17
Kiribati,98.0,87.9,29.2,3.2,35.7,60.7,58.6,28.9,Yes,Yes,No,1966.09,44.38,77.69,0.82,21.46,77.67
Saint Kitts and Nevis,,,,,,,,,No,Yes,No,24129.12,21.16,50.33,3.56,25.35,
Republic of Korea,96.4,138.2,27.7,1.5,16.5,21.6,181.7,42.0,No,No,Yes,39798.97,4.3,29.33,4.49,11.92,1217.17
Kuwait,56.9,109.1,45.2,25.1,19.9,70.3,579.4,26.9,Yes,No,Yes,48156.56,38.13,72.75,1.12,24.0,459.67
Lao People's Democratic Republic,119.1,140.3,25.3,0.7,1.8,66.8,71.7,41.7,Yes,No,No,6746.81,4.45,23.17,12.24,24.87,305.83
Lebanon,227.3,350.7,27.5,43.2,25.6,12.2,445.0,27.0,Yes,No,No,16097.12,30.86,66.77,1.98,21.02,1612.0
Liberia,49.6,121.4,9.5,2.5,10.7,58.5,56.2,22.3,Yes,Yes,No,1641.19,8.97,29.29,8.65,28.57,215.83
Libya,52.7,111.9,37.1,19.1,14.8,32.2,396.0,39.2,No,No,No,12390.65,30.83,65.33,2.09,24.38,1290.5
Saint Lucia,76.6,91.7,57.2,0.5,49.1,18.1,164.6,40.6,No,No,No,14526.76,18.08,46.06,4.82,26.93,40.5
Liechtenstein,,,,,,,,,No,No,,,,,,,
Sri Lanka,79.2,195.6,82.6,9.8,32.7,24.9,173.8,45.9,Yes,Yes,Yes,11919.21,4.43,21.45,14.81,22.12,1355.67
Lesotho,68.9,191.1,15.2,1.7,60.1,10.5,78.9,23.5,Yes,No,No,2679.56,14.52,35.73,8.64,28.45,706.33
Lithuania,69.4,130.5,26.5,9.4,14.1,30.0,1081.8,143.5,Yes,No,Yes,32411.6,25.14,58.72,1.04,30.16,1806.17
Luxembourg,85.9,95.4,9.9,0.1,30.7,30.0,631.3,95.4,No,No,No,112222.73,21.5,57.65,1.27,22.89,95.33
Latvia,59.1,233.3,10.0,6.8,72.0,35.0,677.6,212.1,No,Yes,Yes,27357.51,22.57,56.98,1.56,29.99,1056.17
Morocco,96.2,165.9,38.5,15.2,23.9,35.5,282.6,24.8,Yes,Yes,Yes,7303.23,24.11,58.36,3.39,26.56,9159.67
Monaco,,,,,,,,,No,Yes,No,,,,,,
Republic of Moldova,98.3,90.3,112.7,16.5,61.5,29.5,584.1,99.0,Yes,No,Yes,11023.51,17.76,50.65,2.04,29.95,1436.67
Madagascar,89.6,166.4,8.1,0.8,23.5,40.1,53.1,28.8,Yes,No,No,1539.46,4.62,22.22,15.07,28.05,717.67
Maldives,230.4,177.8,28.4,14.9,143.0,40.4,229.4,38.0,No,No,No,22683.08,7.44,28.19,10.04,24.47,10.0
Mexico,149.8,194.0,40.6,1.9,4.7,7.9,370.5,47.4,Yes,Yes,Yes,19200.55,27.25,63.49,1.46,20.24,24694.67
Marshall Islands,112.4,186.1,40.6,3.4,12.4,49.3,103.6,30.1,No,No,No,3416.06,51.5,82.62,0.48,21.5,31.33
North Macedonia,91.9,150.8,21.3,12.0,49.9,25.3,639.6,51.7,Yes,No,No,15208.02,21.36,56.92,1.6,28.75,930.17
Mali,70.0,91.0,15.0,12.9,56.9,53.1,92.5,21.4,Yes,Yes,No,2229.99,7.53,26.05,10.79,32.42,754.67
Malta,132.8,90.0,3.7,6.6,86.0,40.6,514.5,63.3,No,No,Yes,40654.16,27.96,65.48,0.94,20.39,141.83
Myanmar,79.5,174.2,25.6,4.7,22.9,129.3,111.4,128.4,Yes,No,No,4013.48,4.89,22.71,15.52,24.47,3393.0
Montenegro,245.4,135.5,30.5,11.3,192.1,53.3,920.0,205.6,No,Yes,Yes,18742.94,22.18,58.27,1.56,29.68,256.67
Mongolia,48.7,171.2,28.5,2.2,100.8,16.5,738.8,74.5,Yes,No,Yes,10722.57,18.75,53.45,2.54,29.6,775.17
Mozambique,102.3,138.5,31.0,10.6,17.2,40.1,39.9,19.0,Yes,No,No,1220.2,6.24,24.51,11.69,28.84,1144.33
Mauritania,34.8,223.4,19.5,1.8,26.1,33.9,94.7,16.4,Yes,Yes,No,5500.95,11.51,32.51,9.23,32.21,220.83
Mauritius,76.8,182.8,38.5,9.0,75.0,47.0,116.8,44.9,No,Yes,No,20014.04,9.89,30.96,8.42,25.09,304.67
Malawi,113.7,173.9,24.6,7.9,62.3,37.6,34.9,13.5,Yes,No,No,1349.33,5.06,21.91,11.44,28.37,439.17
Malaysia,106.5,163.5,25.4,58.0,18.3,90.9,68.2,21.4,Yes,Yes,Yes,24590.98,13.97,40.15,7.21,23.59,2931.83
Namibia,255.0,151.4,12.6,8.2,54.1,23.2,130.9,25.4,Yes,No,No,9986.86,15.11,37.51,10.42,28.74,318.5
Niger,63.6,98.5,28.9,16.3,52.1,6.0,79.4,8.2,Yes,Yes,No,1151.44,4.96,20.84,13.62,33.53,410.83
Nigeria,35.1,92.8,19.9,10.9,57.9,33.3,49.6,21.2,Yes,Yes,No,5206.64,7.89,27.22,10.82,24.59,5977.0
Nicaragua,156.5,272.9,28.3,5.8,29.5,17.9,203.0,49.9,Yes,Yes,No,5449.59,22.06,56.48,2.36,21.07,832.67
Netherlands,106.2,117.3,5.3,4.4,84.5,12.9,685.7,47.9,No,No,Yes,54341.03,19.26,56.65,1.28,19.76,4028.67
Norway,82.3,131.8,1.1,3.5,31.0,62.5,640.1,85.3,No,Yes,Yes,61924.34,21.91,57.11,1.25,20.52,1059.83
Nepal,37.9,193.1,58.7,5.1,62.0,8.3,63.8,11.5,Yes,No,No,3419.69,3.52,19.52,17.56,29.36,781.17
Nauru,,,,,,,,,No,No,No,8518.67,60.14,88.05,0.18,21.11,
New Zealand,152.9,128.8,60.3,1.9,63.1,28.3,974.4,55.9,Yes,No,Don't know,39934.45,29.25,64.53,1.12,16.99,1137.33
Oman,120.6,154.9,42.8,17.4,27.6,32.3,402.8,43.3,Yes,Yes,Yes,30565.87,26.59,61.35,4.25,24.88,500.0
Pakistan,33.9,88.1,11.0,3.1,80.5,4.4,87.8,27.0,No,No,No,4659.42,7.7,26.71,15.8,30.33,13573.0
Panama,130.9,151.2,64.2,15.8,33.9,24.9,253.9,85.1,Yes,Yes,No,27894.86,21.38,57.29,2.44,20.11,523.17
Peru,227.8,95.6,33.6,7.3,34.5,42.9,319.2,108.9,Yes,Yes,Yes,11930.22,18.62,56.06,1.34,14.34,2550.0
Philippines,84.9,110.3,9.2,0.4,52.7,24.6,109.7,25.1,Yes,Yes,No,7583.65,5.73,26.04,12.88,22.58,6112.5
Palau,,,,,,,,,No,No,Yes,14188.45,53.9,84.22,0.45,23.28,
Papua New Guinea,3.9,81.9,5.1,0.1,114.8,0.0,38.2,240.8,Yes,No,No,3529.09,19.75,51.0,2.45,25.03,1888.83
Poland,234.9,178.7,2.9,3.6,21.4,19.2,651.4,69.3,Yes,No,Yes,29245.89,21.98,57.2,1.76,29.28,15726.5
Democratic People's Republic of Korea,,,,,,,,,No,No,No,,6.14,31.11,6.87,18.22,
Portugal,420.9,161.2,11.8,3.0,28.7,56.7,470.3,65.6,No,Yes,Yes,32064.23,19.62,56.22,1.29,25.32,2815.17
Paraguay,93.9,67.7,16.4,6.1,29.4,11.9,327.8,96.0,Yes,Yes,Yes,11796.58,18.96,51.82,2.03,25.02,999.83
State of Palestine,106.1,139.3,37.8,19.1,13.3,32.5,403.3,40.6,Yes,No,,5668.27,30.98,65.4,1.4,22.85,855.67
Qatar,123.1,168.9,38.0,20.3,15.9,34.3,396.1,39.9,Yes,Yes,Yes,100441.51,36.34,71.0,1.7,22.06,190.67
Romania,194.2,358.2,33.1,10.8,5.2,41.4,1006.2,69.5,Yes,No,No,25684.25,21.31,56.38,1.77,30.13,8722.0
Russian Federation,90.4,180.9,1.0,16.6,88.8,34.7,615.2,183.9,No,No,Yes,26280.31,21.76,55.97,1.82,28.13,81883.5
Rwanda,122.6,281.1,80.1,7.0,27.4,24.8,35.0,4.7,Yes,No,No,1950.06,4.93,23.01,10.29,26.51,348.0
Saudi Arabia,146.6,147.0,55.7,25.3,24.3,45.8,374.7,40.4,Yes,Yes,Yes,47572.5,34.93,68.74,2.17,23.69,5349.83
Sudan,82.4,130.6,22.9,14.3,36.3,48.3,107.3,17.3,Yes,No,No,4584.43,7.37,26.66,10.25,30.07,1898.83
Senegal,52.4,73.1,18.2,7.5,70.7,44.1,44.9,7.7,Yes,Yes,No,3073.29,7.69,26.35,12.06,30.39,664.0
Singapore,134.2,152.2,15.6,2.6,8.1,50.2,74.6,44.7,No,No,Yes,91189.77,5.76,31.16,6.28,15.53,145.0
Solomon Islands,60.0,173.2,29.2,1.1,11.3,29.9,117.2,66.5,Yes,No,No,2301.51,20.92,53.12,1.74,21.79,240.0
Sierra Leone,89.3,119.1,22.0,2.5,64.7,48.3,45.2,10.0,No,No,No,1680.19,7.75,26.15,10.76,30.58,386.33
El Salvador,124.0,128.4,35.7,3.2,23.7,10.5,245.6,63.0,Yes,Yes,No,8211.53,22.49,58.02,2.04,19.21,1080.33
San Marino,,,,,,,,,No,No,Yes,59826.24,,,,,
Somalia,,,,,,,,,Yes,No,No,915.85,7.32,26.66,11.23,33.0,
Serbia,148.4,460.9,32.2,4.0,194.8,17.2,481.1,77.3,Yes,No,No,16565.02,20.45,55.99,1.82,30.11,4364.0
South Sudan,,,,,,,,,No,No,No,1056.54,,,,,
Sao Tome and Principe,128.9,36.2,8.6,8.9,25.0,73.9,142.7,7.8,Yes,Yes,No,3837.22,11.02,33.24,7.72,26.45,13.67
Suriname,103.3,180.3,71.7,15.4,39.6,25.0,243.5,75.5,No,Yes,No,18405.7,25.03,57.41,3.52,22.74,156.0
Slovakia,80.3,101.6,4.6,3.4,52.4,8.8,309.0,29.5,Yes,No,Yes,29876.24,19.55,55.2,1.72,28.99,1889.17
Slovenia,76.6,115.1,19.1,9.0,56.0,34.3,569.9,59.3,Yes,No,Yes,35662.4,19.28,54.88,1.79,30.68,444.5
Sweden,115.0,150.8,15.3,5.1,25.0,35.1,609.9,70.7,No,No,Yes,51194.07,19.53,55.3,1.38,20.35,2151.5
Eswatini,92.7,167.0,11.0,6.9,0.1,2.0,70.3,19.1,Yes,No,No,8464.76,14.75,35.98,7.85,29.49,194.33
Seychelles,108.5,215.5,19.6,9.4,38.6,174.7,87.5,18.5,No,Yes,No,25517.21,13.02,35.31,6.85,23.66,14.67
Syrian Arab Republic,101.6,129.7,37.9,19.5,14.2,32.6,388.9,37.5,No,No,No,,26.14,59.61,2.8,25.03,3932.0
Chad,42.4,36.7,7.4,9.2,58.5,25.0,37.8,32.2,Yes,Yes,No,1680.12,5.38,21.64,13.77,32.58,323.0
Togo,54.8,148.5,13.7,9.3,61.7,53.9,23.4,13.4,Yes,Yes,No,1949.85,7.37,26.2,10.24,29.0,368.33
Thailand,97.2,175.6,41.9,1.3,18.1,45.8,92.6,35.0,Yes,Yes,Yes,16657.62,8.55,29.92,9.4,22.35,5102.67
Tajikistan,90.7,53.8,58.2,5.1,46.4,6.6,188.2,51.5,Yes,No,Yes,2962.67,12.88,43.48,4.1,25.82,1250.67
Turkmenistan,68.6,107.1,32.8,0.8,112.9,11.9,693.6,92.0,Yes,No,Yes,15564.02,16.99,49.92,3.1,25.49,1081.0
Timor-Leste,52.0,140.8,8.7,1.6,19.0,25.5,68.2,19.0,No,No,Yes,3189.15,3.24,19.9,17.01,27.47,35.67
Tonga,130.4,139.4,39.2,3.3,11.9,50.6,106.8,30.7,No,Yes,No,5470.4,46.23,77.29,0.32,23.23,46.0
Trinidad and Tobago,68.5,86.5,37.6,9.5,28.0,25.3,204.6,72.8,No,No,No,27079.0,16.98,43.98,4.15,25.36,495.5
Tunisia,64.0,198.0,15.2,6.5,1.5,38.3,279.1,41.7,Yes,Yes,Yes,10208.93,25.22,59.9,3.4,23.79,2798.33
Turkey,79.8,112.9,31.3,11.1,2.6,6.2,660.3,45.0,Yes,No,Yes,26480.86,30.11,65.12,1.54,21.08,21437.83
Tuvalu,,,,,,,,,No,No,No,3964.63,49.77,80.65,0.42,23.84,
United Republic of Tanzania,65.8,169.3,33.9,16.4,135.4,26.6,54.0,27.1,Yes,Yes,No,2449.36,7.39,25.85,11.58,27.08,1895.0
Uganda,55.6,110.7,45.2,7.7,27.3,11.6,65.6,10.9,Yes,Yes,No,2347.14,4.63,21.04,11.7,26.82,651.17
Ukraine,94.1,183.4,8.9,12.8,67.0,31.6,539.7,39.0,No,No,No,12341.19,22.92,57.44,1.51,27.86,32735.0
Uruguay,97.0,162.7,45.0,25.5,37.9,23.9,318.1,79.9,Yes,Yes,Yes,21781.44,26.53,61.57,1.13,21.77,1150.0
United States of America,86.8,128.6,19.5,11.5,19.6,11.2,513.0,35.7,No,No,Yes,58978.44,34.57,66.68,1.31,13.17,114686.17
Uzbekistan,83.6,214.7,33.4,3.2,52.4,47.4,589.0,107.0,Yes,No,Yes,6588.91,15.07,46.38,3.4,25.4,7551.17
Saint Vincent and the Grenadines,143.5,104.3,46.3,6.2,20.0,31.9,257.5,49.0,No,Yes,Yes,11871.03,22.2,53.13,3.87,23.61,38.83
Venezuela (Bolivarian Republic of),108.1,91.0,39.5,0.8,28.0,11.1,325.1,57.8,Yes,No,No,13592.55,24.55,62.35,1.51,19.37,3478.33
Viet Nam,82.6,177.1,99.5,21.1,26.3,61.1,68.1,51.8,Yes,No,Yes,8654.12,1.75,16.57,18.83,23.19,1866.17
Vanuatu,41.3,71.4,67.3,3.9,24.3,41.3,88.1,43.7,No,Yes,No,2631.22,23.53,55.31,2.06,23.96,86.0
Samoa,140.3,336.4,231.1,26.1,10.6,44.4,176.8,27.4,No,Yes,Yes,5368.8,45.86,76.66,0.33,23.51,97.5
Yemen,39.3,58.5,28.9,3.4,20.3,10.8,200.1,22.9,Yes,No,No,2599.94,15.43,46.52,7.15,30.54,4299.67
South Africa,32.7,131.8,32.3,0.2,68.6,5.0,133.9,148.6,Yes,Yes,Yes,13697.11,26.04,51.23,5.13,27.25,13383.33
Zambia,51.2,195.8,20.6,19.7,55.7,43.9,42.5,41.2,Yes,Yes,No,3309.54,7.22,26.26,11.7,27.2,656.5
Zimbabwe,83.4,141.2,18.9,3.1,152.4,18.6,97.8,27.1,Yes,No,No,2291.12,14.21,36.36,8.31,28.17,1804.67
Bolivia,,,,,,,,,,,,,,,,,
Cote d'Ivoire,,,,,,,,,,,,,,,,,
French Polynesia,,,,,,,,,,,,,,,,,
"Korea, North",,,,,,,,,,,,,,,,,
"Korea, South",,,,,,,,,,,,,,,,,
New Caledonia,,,,,,,,,,,,,,,,,
Taiwan*,,,,,,,,,,,,,,,,,
United Kingdom,,,,,,,,,,,,,,,,,
Vietnam,,,,,,,,,,,,,,,,,
